{"fit": [{"round": 1, "global_loss": 0.3600176593982706, "global_accuracy": 0.8367879625364655, "client_1_loo_loss": 0.3603776672891542, "client_1_contribution": 0.00036000789088364016, "client_1_avg_contribution": 0.00036000789088364016, "client_4_loo_loss": 0.35995637640064837, "client_4_contribution": -6.12829976222029e-05, "client_4_avg_contribution": -6.12829976222029e-05, "client_3_loo_loss": 0.36041533369936196, "client_3_contribution": 0.00039767430109138857, "client_3_avg_contribution": 0.00039767430109138857, "client_2_loo_loss": 0.35973891798479884, "client_2_contribution": -0.0002787414134717281, "client_2_avg_contribution": -0.0002787414134717281, "client_5_loo_loss": 0.3604283375190754, "client_5_contribution": 0.00041067812080480826, "client_5_avg_contribution": 0.00041067812080480826}, {"round": 2, "global_loss": 0.33429114045757874, "global_accuracy": 0.8458467680024566, "client_4_loo_loss": 0.3342006241574007, "client_4_contribution": -9.051630017803403e-05, "client_4_avg_contribution": -7.589964890011847e-05, "client_2_loo_loss": 0.33463168202662, "client_2_contribution": 0.0003405415690412861, "client_2_avg_contribution": 3.090007778477899e-05, "client_3_loo_loss": 0.33517371059632767, "client_3_contribution": 0.0008825701387489282, "client_3_avg_contribution": 0.0006401222199201584, "client_5_loo_loss": 0.3348107585573898, "client_5_contribution": 0.0005196180998110478, "client_5_avg_contribution": 0.000465148110307928, "client_1_loo_loss": 0.3343314287417075, "client_1_contribution": 4.02882841287755e-05, "client_1_avg_contribution": 0.00020014808750620783}, {"round": 3, "global_loss": 0.3244341343787371, "global_accuracy": 0.8507600184246891, "client_3_loo_loss": 0.3249840891974814, "client_3_contribution": 0.0005499548187443137, "client_3_avg_contribution": 0.0006100664195282102, "client_5_loo_loss": 0.324414140161346, "client_5_contribution": -1.9994217391072766e-05, "client_5_avg_contribution": 0.00030343400107492774, "client_1_loo_loss": 0.3248746522939673, "client_1_contribution": 0.00044051791523019856, "client_1_avg_contribution": 0.0002802713634142047, "client_4_loo_loss": 0.3243061915478286, "client_4_contribution": -0.00012794283090850067, "client_4_avg_contribution": -9.324737623624586e-05, "client_2_loo_loss": 0.32512981641818495, "client_2_contribution": 0.0006956820394478647, "client_2_avg_contribution": 0.00025249406500580757}, {"round": 4, "global_loss": 0.3214888198702943, "global_accuracy": 0.8515277138031629, "client_5_loo_loss": 0.3218640622262861, "client_5_contribution": 0.00037524235599178946, "client_5_avg_contribution": 0.0003213860898041432, "client_3_loo_loss": 0.32123857780414466, "client_3_contribution": -0.00025024206614965294, "client_3_avg_contribution": 0.0003949892981087444, "client_2_loo_loss": 0.32209675328112114, "client_2_contribution": 0.000607933410826822, "client_2_avg_contribution": 0.00034135390146106115, "client_1_loo_loss": 0.32163485366047595, "client_1_contribution": 0.0001460337901816322, "client_1_avg_contribution": 0.0002467119701060616, "client_4_loo_loss": 0.3217562361090791, "client_4_contribution": 0.00026741623878479004, "client_4_avg_contribution": -3.081472480986891e-06}, {"round": 5, "global_loss": 0.3190087521193074, "global_accuracy": 0.8527560264087211, "client_1_loo_loss": 0.31940191319467975, "client_1_contribution": 0.00039316107537235023, "client_1_avg_contribution": 0.0002760017911593193, "client_3_loo_loss": 0.31896406777349173, "client_3_contribution": -4.4684345815670934e-05, "client_3_avg_contribution": 0.00030705456932386135, "client_4_loo_loss": 0.3192017914763853, "client_4_contribution": 0.00019303935707787323, "client_4_avg_contribution": 3.614269343078513e-05, "client_2_loo_loss": 0.31887203674106035, "client_2_contribution": -0.00013671537824705426, "client_2_avg_contribution": 0.0002457400455194381, "client_5_loo_loss": 0.3206409199857244, "client_5_contribution": 0.0016321678664170114, "client_5_avg_contribution": 0.0005835424451267168}]}